ID	FECHA_DE_MODIFICACION	TITULO	TIPO	DIRECCION	LAT	LONG	COMO_IR	BARRIO	GALERIA_DE_IMAGENES	LINEAS DE OMNIBUS	TELEFONO	CORREO	PAGINA_WEB	INFORMACION_GENERAL	SERVICIOS_QUE_SE_PRESTAN	ACCESIBILIDAD_DEL_ENTORNO	"ESTACIONAMIENTO"""	LUGARES	TIPO_DE_PUERTA	RAMPA	DESCRIPCION_DE_RAMPAS	ESCALONES	BANIOS	DESCRIPCION_BANIOS	CIRCULACION_ACCESIBLE	ASCENSOR	ACCESIBILIDAD_FISICA	ACCESIBILIDAD_VISUAL	ACCESIBILIDAD_VISUAL	ACCESIBILIDAD_AUDITIVA	ACCESIBILIDAD_COMUNICACIONAL	CANTIDAD_DE_SALAS	INFORMACION_DE_SALAS
104	13/07/2015 - 15:44	Municipio E	Otros	Av. Bolivia s/n	-34.878227625092	-56.087318655938	http://www.montevideo.gub.uy/aplicacion/como-ir?key=2wxbna6hj4	CARRASCO NORTE		546, 105, 151, linea G, 427.	1950 7343	 municipioe@imm.gub.uy	http://municipioe.montevideo.gub.uy/				Sí		Batiente	Sí		Sí	Baños accesibles		Sí.	No	Rebajes de cordón. Accesibilidad.	 Sin señalización	No	Básica.	Básica.																																																																																																
103	13/07/2015 - 15:34	Centro Comunal Zonal 8	Otros	Av. Bolivia s/n	-34.877952698667	-56.087776643129	http://www.montevideo.gub.uy/aplicacion/como-ir?key=2wxbna6hj4	CARRASCO NORTE		546, 105, 151, linea G, 427.	1950 7034		http://municipioe.montevideo.gub.uy/node/224	Directora: Cristina Ramos		Rebajes de cordón.	Sí		Batiente	No		Sí	Baños accesibles		Sí.	No	Rebajes de cordón. Circulación accesible.	 Sin señalización	No	Básica.	Básica.																																																																																																
102	13/07/2015 - 15:16	Casa del Vecino CCZ 7	Otros	Michigan esq Aconcagua	-34.895114813048	-56.099485156032	http://www.montevideo.gub.uy/aplicacion/como-ir?key=ox297wdhzh	MALVIN		60,104, 140, 2, linea G, 526	1950 7007			Casa del vecino del CCZ 7 que cuenta con rampa de acceso y baño accesible.		Rebajes de cordón.	Sí		Batiente	Sí		No	Baños accesibles		Sí.	No	Rampa de acceso. Baños accesibles.	 Sin señalización	No	Básica.	Básica.																																																																																																
101	13/07/2015 - 15:09	Centro Comunal Zonal 7	Otros	Aconcagua 5062	-34.894979444679	-56.099173890493	http://www.montevideo.gub.uy/aplicacion/como-ir?key=wcg7ahjioy	MALVIN		60,104, 140, 2, linea G, 526	1950 7007		http://municipioe.montevideo.gub.uy/node/221	Directora: Dra. María de los Ángeles Nuñez		Rebajes de cordón y veredas en buen estado.	Sí		Corrediza	Sí		Sí	Baños accesibles		Sí.	No	Rebajes de cordón. Circulación accesible.	 Sin señalización	No	Sí.	Sí.																																																																																																
99	13/07/2015 - 14:21	Cementerio Museo Británico de Montevideo	Museo	Av. Gral Fructuoso Rivera 3868	-34.900092992982	-56.129289862605	http://www.montevideo.gub.uy/aplicacion/como-ir?key=uc79wy4qko	BUCEO		60 - 141 - 142 - 144 - 427	2622 3071	 info@cementeriobritanico.com.uy 	http://www.cementeriobritanico.com.uy	Cementerio museo, con accesibilidad a solicitud, en proceso de mejora de su accesibilidad. Un recorrido por el arte funerario y sus múltiples lecturas.		Su entrada principal se encuentra sobre la Avda. Rivera donde aun faltan rampas de acceso en las esquinas, lo que dificulta la accesibilidad.	No		Batiente	Sí	Son móviles y se colocan a solicitud ya que la entrada principal tiene escalones de mármol y solo se dispone de una rampa itinerante. 	Sí	Baños no accesibles		La circulación es accesible en la gran mayoría del espacio.	No	Con rampas móviles en los dos espacios con escaleras (puerta principal y capilla central) y espacio de caminería para circular. 	 Sin señalización	No	Cuenta con folletería, cartelería y mapa.	Cuenta con folletería, cartelería y mapa.	1	Capilla central con accesibilidad a solicitud, rampa itinerante. 																																																																																														
100	13/07/2015 - 14:08	Museo Naval	Museo	Rambla de Gaulle esq. Luis Alberto de Herrera	-34.909534368713	-56.136274334880	http://www.montevideo.gub.uy/aplicacion/como-ir?key=l3i2rqdp69	BUCEO		62 - 14 - 149 - 522	2 6221084 	museonaval@adinet.com.uy 		Museo de historia de la navegación. Cuenta con accesibilidad física, auditiva y visual. Cuenta con accesibilidad física para la circulación total del espacio. Señalización en braille y ejemplares a escala mas pequeña accesible al tacto. También cuenta con vídeos de audio descripción. 	Personal capacitado.		Sí		Batiente	Sí	Tiene una pendiente no convencional, pero cuenta con personal que asiste en el momento si es necesario.	Sí	Baños no accesibles		Se puede circular por todo el Museo.	No	Espacios accesibles. Rampa. Itinerarios accesibles.	 Sin señalización, Texto braile	No	Cuenta con folletos y vídeos. Personal capacitado.	Cuenta con folletos y vídeos. Personal capacitado.	1	La sala es el Museo																																																																																														
98	17/06/2015 - 13:16	Shopping Punta Carretas	Centros comerciales	Ellauri 350	-34.923344301273	-56.158309082048	http://www.montevideo.gub.uy/aplicacion/como-ir?key=lxj29hkh6i	PUNTA CARRETAS		192, 76, 582, 316	27116940	atencion@puntacarretas.com.uy	http://www.puntacarretas.com.uy/	Rampa en puerta principal y puerta de acceso por estacionamiento interno. Estacionamiento exterior piso a nivel. Baños accesibles. Ascensores que conectan todos los niveles con botones en braile.		Rebajes de cordón.	Sí		Batiente	Sí	Rampa de material sin baranda. Puerta de acceso batiente, con futuras reformas.	Sí	Baños accesibles	Baños accesibles en niveles 1 y 3.	Sí.	Sí	Rampa de acceso en puerta principal. Acceso por los estacionamientos, puerta desde planta baja, estacionamiento exterior. Acceso por estacionamiento interior con ascensor que conecta con todos los niveles. Circulación interna accesible, ascensor interno. Baños accesibles.	 Sin señalización, Texto braile	No	Información básica.	Información básica.																																																																																																
27	19/05/2015 - 12:06	Espacio Saludable Parque Tomkinson	Espacios deportivos	Parque Tomkinson	-34.848894987305	-56.281725165339	http://www.montevideo.gub.uy/aplicacion/como-ir?key=uo6rel5mhb	LA PALOMA TOMKINSON			1950 7051		http://municipioa.montevideo.gub.uy/comunicacion/noticias/revisiones-para-crear-y-recrear-espacios	Espacio que cuenta con juegos saludables donde uno de ellos habilita el uso para el ejercicio físico de personas que se trasladan en silla de ruedas.		Rebaje de cordón. Mejora en caminería interna.				Sí	Rebaje de cordón.	Sí	No hay baños			No	Rebaje de cordón.	 Sin señalización		Cartelería solo descriptiva.	Cartelería solo descriptiva.																																																																																																
28	19/05/2015 - 12:05	Espacio Saludable Plaza Rodolfo Rincón	Espacios deportivos	Luis Batlle Berres (esq. Las Tunas)	-34.853529844482	-56.237082478496	http://www.montevideo.gub.uy/aplicacion/como-ir?key=bxjn55fiiu				1950 7051		http://municipioa.montevideo.gub.uy	Espacio que cuenta con juegos saludables donde uno de ellos habilita el uso para el ejercicio físico de personas que se trasladan en silla de ruedas.						Sí	Rebaje de cordón.	Sí	No hay baños				Rebaje de cordón.	 Sin señalización		Cartelería descriptiva.	Cartelería descriptiva.																																																																																																
29	19/05/2015 - 12:05	Espacio Saludable Plaza 25 de Mayo	Espacios deportivos	Carlos Mra Ramirez (esq. Agustín Muñoz)	-34.862992677886	-56.233348843548	http://www.montevideo.gub.uy/aplicacion/como-ir?key=qs6ezdpfvv	LA PALOMA TOMKINSON			1950 7051		http://municipioa.montevideo.gub.uy/	Espacio que cuenta con juegos saludables donde uno de ellos habilita el uso para el ejercicio físico de personas que se trasladan en silla de ruedas.		Rebaje de cordón.				Sí	Rebaje de cordón.	Sí	No hay baños				Rebaje de cordón.	 Sin señalización		Cartelería informativa.	Cartelería informativa.																																																																																																
30	19/05/2015 - 12:05	Espacio Saludable Rambla del Cerro	Espacios deportivos	Rambla del Cerro (frente al club de pezca) 			CERRO			1950 7051		http://municipioa.montevideo.gub.uy/	Espacio que cuenta con Juegos Saludables donde uno de ellos habilita el uso para el ejercicio físico de personas que usan silla de ruedas.						Sí	Rebaje de cordón.	Sí						 Sin señalización	No	Básica.	Básica.																																																																																																
31	19/05/2015 - 12:05	Espacio Saludable Plaza del Inmigrante	Espacios deportivos	Bogotá (esq. Viacaba)	-34.887486610610	-56.251625415774	http://www.montevideo.gub.uy/aplicacion/como-ir?key=4ck4ns23gf	CERRO			1950 7051	municipioa@imm.gub.uy	http://municipioa.montevideo.gub.uy/	Espacio que cuenta con juegos saludables donde uno de ellos habilita el uso para el ejercicio físico de personas que se trasladan en silla de ruedas.		Rebaje de cordón.				Sí	Rebaje de cordón.	Sí	No hay baños				Rebaje de cordón.	 Sin señalización	No	Cartelería descriptiva.	Cartelería descriptiva.																																																																																																
32	19/05/2015 - 12:05	Espacio Saludable Carlos Caffa	Espacios deportivos	Cno. Tomkinson (esq. Luis Batlle Berres)	-34.834153566559	-56.269864437074	http://www.montevideo.gub.uy/aplicacion/como-ir?key=lzxqu7u78i	PASO DE LA ARENA			1950 7051		http://municipioa.montevideo.gub.uy/	Espacio que cuenta con juegos saludables donde uno de ellos habilita el uso para el ejercicio físico de personas que se trasladan en silla de ruedas.		Rebaje de cordón.				Sí	Rebaje de cordón.	Sí	No hay baños			No	Rebaje de cordón.	 Sin señalización	No	Cartelería solo descriptiva.	Cartelería solo descriptiva.																																																																																																
33	19/05/2015 - 12:04	Espacio Saludable Los Bulevares	Espacios deportivos	Av. Ideario Artiguista (esq. Liga Federal)	-34.821600828369	-56.282867786378	http://www.montevideo.gub.uy/aplicacion/como-ir?key=n62m2lnvgx	LA PALOMA TOMKINSON			1950 7051		http://municipioa.montevideo.gub.uy/los-bulevares	Espacio que cuenta con juegos saludables donde uno de ellos habilita el uso para el ejercicio físico de personas que se trasladan en silla de ruedas.		Rebaje de cordón.				Sí	Rebaje de cordón.	Sí	No hay baños				Rebaje de cordón.	 Sin señalización		Cartelería solo descriptiva.	Cartelería solo descriptiva.																																																																																																
56	13/05/2015 - 12:02	Facultad de Psicología UdelaR	Centros educativos	Tristán Narvaja 1674	-34.899502906998	-56.178181168528	http://www.montevideo.gub.uy/aplicacion/como-ir?key=8n8ttucsrm	CORDON					http://www.psico.edu.uy/	Se han realizado diversas rampas e instalado un ascensor con botoneras para personas ciegas. Se incorporaron barandas en rampas, umbrales autodeslizantes, ajustado desniveles e incorporado protección a las barandas y escalones lo que permite una accesibilidad sin barreras en toda la facultad, pudiendo hacer uso de cualquiera de las instalaciones dispuestas en los 3 niveles que la conforman.La construcción y reconstrucción de la Psicología universitaria.La recuperación de la democracia en el país señala el comienzo de la restauración universitaria, de los principios autonómicos, de su posición crítica y de su compromiso social. La creación de la Facultad de Psicología el 15 de marzo de 1994 el Consejo Directivo Central de la Universidad de la República aprueba, por unanimidad, la creación de esta Facultad.		Rampas en los cruces. Señalización en las veredas de acceso.			Batiente	Sí	La rampa de acceso para personas en silla de ruedas se encuentra por la calle Uruguay. Debidamente señalizada.	Sí	Baños accesibles		Si. Se han realizado diversas rampas e instalado un ascensor con botoneras para personas ciegas. Se incorporaron barandas en rampas, umbrales autodeslizantes, ajustado desniveles e incorporado protección a las barandas y escalones lo que permite una accesibilidad sin barreras en toda la facultad, pudiendo hacer uso de cualquiera de las instalaciones dispuestas en los 3 niveles que la conforman.	Sí	Se han realizado diversas rampas e instalado un ascensor. Se incorporaron barandas en rampas, umbrales autodeslizantes, ajustado desniveles e incorporado protección a las barandas y escalones, ésto permite una accesibilidad sin barreras en toda la facultad, pudiendo hacer uso de cualquiera de las instalaciones dispuestas en los 3 niveles que la conforman.	Rótulo de formatos accesibles	Sí	Básica.	Básica.																																																																																																
8	20/04/2015 - 12:04	Plaza Perico Pérez Aguirre	Parques y plazas	Lord Ponsomby esquina Bv. Gral. Artigas	-34.897625360687	-56.163954731913	http://www.montevideo.gub.uy/aplicacion/como-ir?key=z8lwqq7vx7	TRES CRUCES			1950 7054	 municipioch@imm.gub.uy	http://municipioch.montevideo.gub.uy/	La plaza ha sido reformada en el marco del Compromiso de Accesibilidad con la colaboración del BSE. Se colocaron juegos inclusivos y se reformó la caminería interna. Es un espacio recreativo libre que cuenta con calesita inclusiva, hamacas accesible para personas en silla de ruedas, hamacas accesibles reclinadas y con agarres en velcro y juegos sonoros.		Rebaje de cordón.				Sí	Rebaje de cordón.	Sí	Baños accesibles	Los baños son de uso público pero se necesita pagar para utilizarlos.	Sí.	No	Es un espacio recreativo libre que cuenta con calesita inclusiva, hamacas accesible para personas en silla de ruedas, hamacas accesibles reclinadas y con agarres en velcro y juegos sonoros.	 Sin señalización	No	Cartelería apenas descriptiva. Accesibilidad básica.	Cartelería apenas descriptiva. Accesibilidad básica.																																																																																																
70	20/04/2015 - 12:01	Facultad de Ciencias Sociales UdelaR	Centros educativos	Constituyente 1502	-34.905897293289	-56.183985468837	http://www.montevideo.gub.uy/aplicacion/como-ir?key=cc7cs5q96l	CENTRO			2410-6720	comunicacion@cienciassociales.edu.uy	http://cienciassociales.edu.uy/	"El acceso principal a la facultad cuenta con rampa de metal con barandas. En el interior también existen rampas para los desniveles. Cuenta con dos ascensores que permiten el acceso a todos los niveles del edificio, con numeración en braile y audio (voz) guía.ños accesibles en 6to y 7to piso y anexo.En cantina y bedelía los mostradores se encuentran a una altura adecuada para el mejor acceso de las personas en silla de ruedas.La Facultad de Ciencias Sociales fue creada por resolución del Consejo Directivo Central en 1989 y comenzó a funcionar en 1991. El objetivo de la nueva Facultad fue alentar el desarrollo disciplinario e interdisiciplinario en Ciencias Sociales, tanto a través de la investigación como de la docencia de grado y posgrado. A nivel de Cursos de Grado, la Facultad ofrece hoy cinco licenciaturas de cuatro años de duración: Ciencia Política, Sociología, Desarrollo y Trabajo Social, en Montevideo; y;  Ciencias Sociales y Trabajo Social en Regional Norte, Salto. La enseñanza en las FCS ha tenido un significativo impulso con la aprobación y puesta en marcha del nuevo Plan de Estudios 2009."		Rebaje de cordón. 			Corrediza	Sí	Rampa de acceso principal de metal con barandas a los lados. 	Sí	Baños accesibles	Baños accesibles en 6to y 7to piso y en anexo.	Sí. Se accede por ascensor a todos los niveles, los botones del mismo cuentan con numeración en braile y audio-guía. 	Sí	Rampa de acceso principal y en desniveles internos.Baños accesibles.Mostradores de bedelías y cantina en altura adecuada para personas en silla de ruedas.	 Sin señalización, Texto braile	No	Cartelería, información y mapas dispuestos a lo largo de todo el edificio.	Cartelería, información y mapas dispuestos a lo largo de todo el edificio.																																																																																																
10	20/04/2015 - 11:24	Playa Verde	Playa	Rambla República de México	-34.897641453941	-56.073963937254	http://www.montevideo.gub.uy/aplicacion/como-ir?key=5x1bverume	PUNTA GORDA		112, 306	1950 7343		http://municipioe.montevideo.gub.uy/comunicacion/noticias/playa-verde-y-accesible	Una de las playas de Montevideo que cuenta con accesibilidad. Rampa de hormigón con barandas y caminero de tablones de madera hasta la arena.Baño accesible en temporada de verano.Pasando la Playa Malvín, la Honda y la de los Ingleses se encuentra la Playa Verde, caracterizada por sus arenas blancas y su lindo entorno barrial. La rambla sobre esta playa se hace más amplia y cuenta con una variada oferta gastronómica.Es una de las mejores playas montevideanas para baños, pero con olas más agitadas que las playas Ramírez o Pocitos, siendo un escenario bastante frecuente de deportes como el surf.La Rambla de la Playa Verde es un paseo delicioso en cualquier época del año, resaltando la maravillosa vista.		Rampa de acceso universal, ubicada en Rambla República de México frente a la calle Líbano.La misma consta de un tramo realizado en hormigón con barandas, y un caminero realizado en tablas de madera que pasa la duna y permite el acceso a la arena.				Sí	Tramo realizado en hormigón con barandas, y un caminero realizado en tablas de madera que pasa la duna y permite el acceso a la arena.	Sí	Baños accesibles	Baño químico colocado en temporada de verano.		No	Rampa de acceso. Caminero en tablas de madera hasta la arena. Baño accesible.	 Sin señalización	Sí	Cartelería solo descriptiva. Accesibilidad básica. 	Cartelería solo descriptiva. Accesibilidad básica. 																																																																																																
24	17/04/2015 - 15:42	Plaza Carlos Caffa	Parques y plazas	Cno. Tomkinson (esq. Luis Batlle Berres)	-34.836964521605	-56.272493001909	http://www.montevideo.gub.uy/aplicacion/como-ir?key=l8l1oxd2ia	PASO DE LA ARENA		127, 128, 135, 137, 427, 494, 495, 	1950 7051	municipioa@imm.gub.uy	http://municipioa.montevideo.gub.uy/comunicacion/noticias/un-espacio-que-recuerda-a-carlos	Plaza que ha sido reformada en el marco del Compromiso de Accesibilidad, donde se colocaron juegos inclusivos y se reformó la caminería interna. Es un espacio recreativo libre que cuenta con hamaca accesible para personas en silla de ruedas y calesita inclusiva.		Rebaje de cordón. Caminería de material.				Sí	Rebaje de cordón.	Sí	No hay baños		Sí.	No	Es un espacio recreativo libre que cuenta con hamaca accesible para personas en silla de ruedas y calesita inclusiva.	 Sin señalización	No	Cartelería solo descriptiva. Accesibilidad básica.	Cartelería solo descriptiva. Accesibilidad básica.																																																																																																
25	17/04/2015 - 15:39	Plaza Barrio Artigas	Parques y plazas	Barrio Artigas (a dos cuadras del Trócoli)	-34.865224275788	-56.253798005076	http://www.montevideo.gub.uy/aplicacion/como-ir?key=7i1mgfdocy	CERRO			1950 7051	municipioa@imm.gub.uy	http://municipioa.montevideo.gub.uy	Plaza que ha sido reformada en el marco del Compromiso de Accesibilidad, donde se colocaron juegos inclusivos y se reformó la caminería interna. Es un espacio recreativo libre que cuenta con hamaca accesible para personas en silla de ruedas y calesita inclusiva.		Rebaje de cordón.				Sí	Rebaje de cordón.	Sí	No hay baños		Dificultosa.	No	Rebaje de cordón. Juegos inclusivos. Circulación dificultosa.	 Sin señalización	No	Cartelería solo descriptiva. Accesibilidad básica.	Cartelería solo descriptiva. Accesibilidad básica.																																																																																																
26	17/04/2015 - 15:37	Plaza Onetti	Parques y plazas	Anagualpo (esq. Timote)	-34.839249763686	-56.244598028156	http://www.montevideo.gub.uy/aplicacion/como-ir?key=g6k7a467em	NUEVO PARIS			1950 7051		http://municipioa.montevideo.gub.uy	Plaza que ha sido reformada en el marco del Compromiso de Accesibilidad, donde se colocaron juegos inclusivos.Es un espacio recreativo libre que cuenta con calesita inclusiva.		No hay veredas ni rebaje de cordón. Espacio rodeado de pasto. Circulación muy dificultosa.				No		Sí	No hay baños		No. Pasto, sin rebajes de cordón ni señalización para personas con discapacidad visual.	No	Es un espacio recreativo libre que cuenta con calesita inclusiva. No cuenta con una adecuada circulación ya que esta rodeada de pasto y tierra y sin rebaje de cordón ni rampas de acceso.	 Sin señalización	No	No.	No.																																																																																																
67	17/04/2015 - 15:16	Escuela Horizonte	Parques y plazas	Av. Agraciada 3591	-34.865503225523	-56.208747622462	http://www.montevideo.gub.uy/aplicacion/como-ir?key=rdsjnb7s6h				2309 6572	info@escuelahorizonte.com.uy	http://www.escuelahorizonte.com.uy/	Escuela Especial habilitada que trabaja con niños portadores de parálisis cerebral en sus niveles más comprometidos.La Intendencia de Montevideo, en el marco del Compromiso de Accesibilidad, otorgó a dicha escuela una batería de juegos inclusivos y accesibles, con el fin de poder ser disfrutados no solo por los niños y niñas que allí concurren, sino también por todo el barrio.		Rebaje de cordón. Rampa.				Sí	Rebaje de cordón.	Sí	Baños accesibles	Dentro de la Escuela.	Sí.	No	Juegos inclusivos. Baños accesibles dentro de la Escuela.	 Sin señalización	No	Cartelería solo descriptiva. Accesibilidad básica.	Cartelería solo descriptiva. Accesibilidad básica.																																																																																																
18	17/04/2015 - 15:11	Parque Prado Chico	Parques y plazas	Cno. Castro (esq. María Orticochea) 	-34.850332651336,-56.200969216319	http://www.montevideo.gub.uy/aplicacion/como-ir?key=7nd9pqyek1	PRADO			1950 7925	municipiog@imm.gub.uy	http://municipiog.montevideo.gub.uy/	Es un espacio recreativo libre que cuenta con hamaca accesible para personas en silla de ruedas y calesita inclusiva.		Veredas con rebaje de cordón.				Sí	Rebaje de cordón.	Sí	No hay baños		Sí, pero con alguna dificultad en la caminería interna por las raíces de los árboles.	No	Rebaje de cordón. Juegos inclusivos para personas en silla de ruedas y discapacidad motriz.	 Sin señalización	No	Cartelería solo descriptiva. Accesibilidad básica. 	Cartelería solo descriptiva. Accesibilidad básica. 																																																																																																
17	17/04/2015 - 15:06	Parque LIneal Andalucía	Parques y plazas	Costanera sur del arroyo Miguelete, entre los Bv Batlle y Ordóñez y Aparicio Saravia.	-34.846202049454	-56.192064282391	http://www.montevideo.gub.uy/aplicacion/como-ir?key=ukqo9jn5s0	PASO DE LAS DURANAS			1950 7925	municipiog@imm.gub.uy	http://www.municipiog.montevideo.gub.uy	Plaza que ha sido reformada en el marco del Compromiso de Accesibilidad, donde se colocaron juegos inclusivos y se mejoró la caminería interna para su mejor circulación. Es un espacio recreativo libre que cuenta con hamaca accesible para personas en silla de ruedas y calesita inclusiva.		Veredas con rebaje de cordón y accesibilidad.				Sí	Rebaje de cordón.	Sí	No hay baños		Dificultosa. Sin señalización para personas con discapacidad visual.	No	Es un espacio recreativo libre que cuenta con hamaca accesible para personas en silla de ruedas y calesita inclusiva. 	 Sin señalización, Baldosas guías	No	Cartelería solo descriptiva. Accesibilidad básica.	Cartelería solo descriptiva. Accesibilidad básica.																																																																																																
16	17/04/2015 - 15:03	Plaza Casavalle	Parques y plazas	 Bv Aparicio Saravia (esq. Avenida Gustavo Volpe)	-34.834132108887	-56.173632142040	http://www.montevideo.gub.uy/aplicacion/como-ir?key=znuah03mam	CASAVALLE			1950 7472	municipiod@imm.gub.uy	http://mvd2030.montevideo.gub.uy/proyecto/plaza-casavalle	El proyecto se desarrolló en el marco del Plan Cuenca Casavalle, un programa integral que se desarrolla a partir de una fuerte articulación interinstitucional y con la sociedad civil.La plaza cuenta con un espacio polideportivo, cancha de fútbol césped, juegos infantiles inclusivos (hamaca y calesita) y saludables, una fuente con juegos de agua y servicios higiénicos públicos (accesibles). Todas las áreas y servicios son de accesibilidad universal.		Veredas accesibles y señalizadas para personas con discapacidad visual.				Sí	Rebaje de cordón. Rampa de material con barandas.	Sí	Baños accesibles	Baños públicos junto a la oficina de guardaparques de la plaza.	Sí.	No	Es un espacio recreativo libre que cuenta con hamaca accesible para personas en silla de ruedas y calesita inclusiva.	Baldosas guías	Sí	Cartelería solo descriptiva. Accesibilidad básica.	Cartelería solo descriptiva. Accesibilidad básica.																																																																																																
13	17/04/2015 - 14:59	Plaza República Argentina	Parques y plazas	Rambla Gran Bretaña (esq. Cuidadela)	-34.910478506286	-56.200497147533	http://www.montevideo.gub.uy/aplicacion/como-ir?key=upfz0muipg	CIUDAD VIEJA			1950 7052	municipiob@imm.gub.uy	http://municipiob.montevideo.gub.uy/comunicacion/noticias/un-municipio-disfrutable-es-posible	Plaza que ha sido reformada en el marco del Compromiso de Accesibilidad, donde se colocaron juegos inclusivos y se reformó la caminería interna. Es un espacio recreativo libre que cuenta con hamaca accesible para personas en silla de ruedas y calesita inclusiva.		Mejoras de accesibilidad en el entorno de veredas y rebajes de cordón.				Sí	Rebaje de cordón.	Sí	No hay baños		Sí.	No	Es un espacio recreativo libre que cuenta con hamaca accesible para personas en silla de ruedas y calesita inclusiva.	 Sin señalización	No	Cartelería solo descriptiva. Accesibilidad básica.	Cartelería solo descriptiva. Accesibilidad básica.																																																																																																
20	17/04/2015 - 14:52	Plaza del Canillita 	Parques y plazas	Colonia (esq. Fernandez Crespo)	-34.900586519439	-56.176164147348	http://www.montevideo.gub.uy/aplicacion/como-ir?key=590lp8o3wu	CORDON			1950 7052	 municipiob@imm.gub.uy	http://municipiob.montevideo.gub.uy	Plaza que ha sido reformada en el marco del Compromiso de Accesibilidad, donde se colocaron juegos inclusivos y se reformó la caminería interna. Plaza en la explanada del BPS que cuenta con hamaca accesible para personas en silla de ruedas, este caso instalados a impulso de la Asociación Cristiana de Jóvenes, que se encuentra en frente a la misma, y se encarga del mantenimiento.		Veredas con rebaje de cordón. 				Sí	Rebaje de cordón. Acceso a la explanada.	Sí	No hay baños		Sí.		Es un espacio recreativo libre que cuenta con hamaca accesible para personas en silla de ruedas.	 Sin señalización	No	Cartelería solo descriptiva. Accesibilidad básica. 	Cartelería solo descriptiva. Accesibilidad básica. 																																																																																																
74	17/04/2015 - 14:38	Plaza Gral. Liber Seregni	Parques y plazas	Haedo, Requena, Martín C. Martínez y Daniel Muñoz.	-34.896895799837	-56.172055003137	http://www.montevideo.gub.uy/aplicacion/como-ir?key=8yxaht9flj	CORDON			1950 7052	municipiob@imm.gub.uy	http://www.montevideo.gub.uy/institucional/noticias/un-parque-para-seregni	La plaza se construyó en un parque urbano que abarca una superficie de 16.000 metros cuadrados. La obra fue elegida por los vecinos de zona 2 a través del Presupuesto Participativo.Cuenta con accesibilidad, rebajes de cordón y rampas internas. Juegos saludable, y juegos para niños no accesibles. No tiene baños accesibles.Es un espacio recreativo libre donde se desarrollan una gran variedad de actividades culturales y recreativas.		Rebaje de cordón.				Sí	Rebaje de cordón. 	Sí	Baños no accesibles	Los baños están abiertos al público desde las 9am hasta las 21hs, los mismos se encuentran junto a las oficinas de los guardaparques de la plaza.	Sí.	No	Rampas. Circuítos accesibles. No hay baños accesibles.	 Sin señalización	No	Cartelería solo descriptiva. Accesibilidad básica. 	Cartelería solo descriptiva. Accesibilidad básica. 																																																																																																
42	17/04/2015 - 14:36	Plaza Democracia	Parques y plazas	Av. Italia y Bvar. Artigas	-34.894513998229	-56.164340970013	http://www.montevideo.gub.uy/aplicacion/como-ir?key=gn1uz36yjp	TRES CRUCES		64, 21, 370, D10, Interdepartamentales (varios más)	1950 7052	municipiob@imm.gub.uy	http://municipioch.montevideo.gub.uy/	Plaza que ha sido reformada en el marco del Compromiso de Accesibilidad, donde se colocaron juegos inclusivos y se reformó la caminería interna. Es un espacio recreativo libre que cuenta con calesita inclusiva y hamaca accesible para personas en silla de ruedas.		Rebaje de cordón.				Sí	Rebaje de cordón.	Sí	No hay baños		Sí.	No	Es un espacio recreativo libre que cuenta con hamaca accesible para personas en silla de ruedas y calesita inclusiva.	 Sin señalización	No	Cartelería solo descriptiva. Accesibilidad básica. 	Cartelería solo descriptiva. Accesibilidad básica. 		"""15"	17/04/2015 - 14:34	Parque Villa Biarritz	Parques y plazas	Ellauri esq. Vázquez Ledesma	-34.919748220643,-56.155768630000	http://www.montevideo.gub.uy/aplicacion/como-ir?key=fis3ziloij	PUNTA CARRETAS		192, 76, 582, 316	1950 7054	municipioch@imm.gub.uy	http://municipioch.montevideo.gub.uy	Plaza que ha sido reformada en el marco del Compromiso de Accesibilidad, donde se colocaron juegos inclusivos y se acondicionó la caminería interna para su mejor circulación. Es un espacio recreativo libre que cuenta con hamaca accesible para personas en silla de ruedas y calesita inclusiva.		Rebajes de cordón.				Sí	Rebaje de cordón.	Sí	Baños no accesibles	Baños públicos del parque que no cuentan con accesibilidad universal.	Dificultosa.	No	Rebaje de cordón. Rampa. Juegos accesibles e inclusivos.	 Sin señalización	No	Cartelería solo descriptiva. Accesibilidad básica.	Cartelería solo descriptiva. Accesibilidad básica.		"""63"	17/04/2015 - 14:32	Plaza Barrio de la Innovación. Antel Arena	Parques y plazas	Av. Damaso Antonio Larrañaga, esq. Av. J. Pedro Varela	-34.864473257263,-56.152431961985	http://www.montevideo.gub.uy/aplicacion/como-ir?key=3xo35tmp1a	VILLA ESPAÑOLA					http://www.antel.com.uy/antel/institucional/sala-de-prensa/eventos/2013/lanzamiento-oficial-del-proyecto-antel-arena	Espacio recreativo libre que cuenta con juegos inclusivos. Calesita inclusiva, hamaca accesible, un tobogán y un mangrullo. Este espacio de 13.500 m2 incluye dos canchas de basquetbol y una de fútbol playa, además de un nuevo acceso al parque público a través de una “arenita”, una estructura de andamios tubulares que es un adelanto del futuro Antel Arena.		Sí.				Sí			Baños accesibles		Sí.	No	Juegos inclusivos. Baño accesible.	 Sin señalización, Baldosas guías	No	Cartelería solo descriptiva. Accesibilidad básica. 	Cartelería solo descriptiva. Accesibilidad básica. 																																
64	17/04/2015 - 14:27	Parque de la Amistad	Parques y plazas	Av. Rivera esq. Dolores Pereira de Rosell	-34.902313862045	-56.144138571712	http://www.montevideo.gub.uy/aplicacion/como-ir?key=d8om9wrr4f	PQUE BATLLE VILLA DOLORES			1950 3120	Secretaria.discapacidad@imm.gub.uy	https://www.youtube.com/watch?v=OUbHuQ0Xnik&feature=youtu.be	El Parque de la Amistad es un proyecto de la Intendencia de Montevideo en el marco del Compromiso de Accesibilidad y es la consolidación de un proceso de transformación de los espacios públicos de la ciudad.Es un lugar de accesibilidad física y social que propone el encuentro vivencial entre niñas y niños sin ningún tipo de barreras.En este espacio se juega con hamacas, calesitas, toboganes, pero lo más interesante es que se juega con otros/as.	Personal capacitado. Voluntarios.	Sí. Rebajes de cordón en los cruces.	Sí	Estacionamiento reservados por calle Dolores de Rosell y Rosell y Rius		Sí	Rebaje de cordón. Accesibilidad interna.	No	Baños accesibles	Baños accesibles y cambiador, junto a las oficinas del Parque, hacia el lado del sector de toboganes.	Sí.	No	Juegos inclusivos y accesibles.Baños accesibles.Recorridos accesibles.Acompañamiento de personal capacitado y voluntarios.	Rótulo de formatos accesibles	No	Cartelería informativa y descriptiva del lugar, acompañamiento de personal capacitado y voluntarios.	Cartelería informativa y descriptiva del lugar, acompañamiento de personal capacitado y voluntarios.		Los diferentes espacios posibilitan el juego de diferentes formas y con diferentes texturas. Diferenciando también las edades, nos podemos encontrar con hamacas, toboganes, juegos sonoros y táctiles, entre otros.																																																																																														
21	17/04/2015 - 14:23	Plaza Delmira Agustini	Parques y plazas	Blixen (esq. Alto Perú)	-34.888548765381	-56.124386784526	http://www.montevideo.gub.uy/aplicacion/como-ir?key=ad9yhz5y2q	MALVIN			1950 7056	municipioe@imm.gub.uy	http://municipioe.montevideo.gub.uy/comunicacion/noticias/juegos-modulares-accesibles-en-el-municipio-e	Plaza que ha sido reformada en el marco del Compromiso de Accesibilidad, donde se colocaron juegos inclusivos y se reformó la caminería interna. Es un espacio recreativo libre que cuenta con hamaca accesible y calesita inclusiva.		Rebaje de cordón.				Sí	Rebaje de cordón.	Sí	No hay baños		Sí.	No	Es un espacio recreativo libre que cuenta con hamaca accesible y calesita inclusiva.	 Sin señalización	No	Cartelería solo descriptiva. Accesibilidad básica.	Cartelería solo descriptiva. Accesibilidad básica.																																																																																																
22	17/04/2015 - 14:20	Plaza del Leonismo	Parques y plazas	Asamblea (esq. Colombes)	-34.891987357335	-56.116498407812	http://www.montevideo.gub.uy/aplicacion/como-ir?key=kgniraqgbb	MALVIN		427, 526, 173, 142, 60, 140, 2, D11, 7E7R (inter)	1950 7332	municipioe@imm.gub.uy	http://municipioe.montevideo.gub.uy/comunicacion/noticias/juegos-modulares-accesibles-en-el-municipio-e	Plaza que ha sido reformada en el marco del Compromiso de Accesibilidad, donde se colocaron juegos inclusivos y se reformó la caminería interna, facilitando el acceso.Es un espacio recreativo libre que cuenta con hamaca accesible y calesita inclusiva.		Rebaje de cordón. Camineria interna de material. Sin señalización para personas con discapacidad visual.				Sí	Rebaje de cordón.	Sí	No hay baños		Sí.	No	Espacio recreativo libre que cuenta con hamaca accesible y calesita inclusiva.	 Sin señalización	No	Cartelería solo descriptiva. Accesibilidad básica.	Cartelería solo descriptiva. Accesibilidad básica.																																																																																																
7	17/04/2015 - 14:16	Plaza Eduardo Fabini	Parques y plazas	Verdi (esq Candelaria)	-34.892389688689	-56.109666821452	http://www.montevideo.gub.uy/aplicacion/como-ir?key=fv0yw16h2r	MALVIN		427, 402, 111, 113, 526, 142, 173 	1950 7343	municipioe@imm.gub.uy	http://municipioe.montevideo.gub.uy/comunicacion/noticias/juegos-modulares-accesibles-en-el-municipio-e	"Plaza que ha sido reformada en el marco del Compromiso de Accesibilidad, donde se colocaron juegos inclusivos y se acondicionó la caminería interna para su mejor circulación. Es un espacio recreativo libre que cuenta con hamacas accesibles con agarres con velcro, hamaca accesible para personas en silla de ruedas, calesita inclusiva y mangrullo con accesibilidad para niños en silla de ruedas ,donde existen juegos de percusión y sonoros; dos tambores, un ""teléfono"" hecho de caños y un ta te ti con relieves."		Veredas con rebaje de cordón con señalización para personas con discapacidad visual. Rampa de hormigón con baranda.				Sí	Rebaje de cordón. Rampa con baranda en uno de los lados.	Sí	No hay baños		Sí.	No	Rebaje de cordón. Juegos inclusivos y accesibles para personas con discapacidad motriz.	 Sin señalización, Baldosas guías	No	Cartelería solo descriptiva. Accesibilidad básica.	Cartelería solo descriptiva. Accesibilidad básica.																																																																																																
23	17/04/2015 - 14:07	Plaza Sandino	Parques y plazas	Av. Italia esq. Segovia	-34.886317167480	-56.100890633556	http://www.montevideo.gub.uy/aplicacion/como-ir?key=g5g0kf8pcl	MALVIN		64, 21, D10, Interdepartamentales	1950 7332	municipioe@imm.gub.uy	http://municipioe.montevideo.gub.uy/comunicacion/noticias/juegos-modulares-accesibles-en-el-municipio-e	Plaza que ha sido reformada en el marco del Compromiso de Accesibilidad, donde se colocaron juegos inclusivos y se reformó la caminería interna. Es un espacio recreativo libre que cuenta con una calesita inclusiva.		Rebaje de cordón con señalización para personas con discapacidad visual.				Sí	Rebaje de cordón. Rampa de acceso a la plaza hecha de hormigón con baranda.	Sí	No hay baños		Dificultosa.	No	Rampa. Espacio recreativo libre que cuenta con una calesita inclusiva. 	 Sin señalización	No	Cartelería solo descriptiva. Accesibilidad básica.	Cartelería solo descriptiva. Accesibilidad básica.																																																																																																
14	17/04/2015 - 14:00	Parque CEDEL	Parques y plazas	Parque Rivera -Benito Cuñarro s/n esq. Bolivia, Ex Hotel del Lago- 	-34.879622373778	-56.093530652019	http://www.montevideo.gub.uy/aplicacion/como-ir?key=lrvokq8n8k	CARRASCO NORTE		427, Linea G, 546, 21, 370, 112, 105	1950 7332	municipioe@imm.gub.uy	http://municipioe.montevideo.gub.uy/comunicacion/noticias/inauguracion-juegos-saludables-e-inclusivos	Plaza dentro del Parque Gral. Rivera que ha sido reformada en el marco del Compromiso de Accesibilidad, donde se colocaron juegos inclusivos y se reformó la caminería interna. Es un espacio recreativo libre que cuenta con hamaca accesible y calesita inclusiva.		Dificultosa. Las calles no se encuentran en muy buenas condiciones. No hay señalización para personas con discapacidad visual, ni suficiente cartelería informativa y/o indicativa.				Sí	Rebaje de cordón.	Sí	Baños no accesibles	Baños públicos del Parque. Los baños accesibles se encuentras dentro del CEDEL donde se deben solicitar las llaves.	Dificultosa. El suelo tiene desniveles producto de las raíces de los árboles.	No	Espacio recreativo libre que cuenta con hamaca accesible y calesita inclusiva.	 Sin señalización	No	Cartelería solo descriptiva. Accesibilidad básica. 	Cartelería solo descriptiva. Accesibilidad básica. 		"""58"	17/04/2015 - 13:58	Plaza de la Escuela nro 240	Parques y plazas	Av. Italia esq. José Ordeig	-34.882562074859,-56.088616845103	http://www.montevideo.gub.uy/aplicacion/como-ir?key=804oumaim2	CARRASCO NORTE			1950 7056 	municipioe@imm.gub.uy	http://municipioe.montevideo.gub.uy/comunicacion/noticias/inauguracion-juegos-saludables-e-inclusivos	Plaza que ha sido reformada en el marco del Compromiso de Accesibilidad, donde se colocaron juegos inclusivos y se mejoró la caminería interna. Es un espacio recreativo libre que cuenta con hamaca para personas en silla de ruedas y calesita inclusiva.		Rebaje de cordón. Arreglos en la caminería interna.				Sí		Sí	No hay baños		Sí.	No	Es un espacio recreativo libre que cuenta con hamaca accesible y calesita inclusiva. 	 Sin señalización	No	Cartelería solo descriptiva. Accesibilidad básica.	Cartelería solo descriptiva. Accesibilidad básica.																																																																
41	17/04/2015 - 13:56	Plaza Suiza	Parques y plazas	Rivera (esquina Toronto)	-34.890201006134	-56.078628298731	http://www.montevideo.gub.uy/aplicacion/como-ir?key=g65ti5h6y8	PUNTA GORDA		60, 140, 2	1950 7332	municipioe@imm.gub.uy	http://municipioe.montevideo.gub.uy/comunicacion/noticias/inauguracion-juegos-saludables-e-inclusivos	Plaza que ha sido reformada en el marco del Compromiso de Accesibilidad, donde se colocaron juegos inclusivos y se reformó la caminería interna. Es un espacio recreativo libre que cuenta con hamaca accesible para personas en silla de ruedas y calesita inclusiva.		Rebaje de cordón. 				Sí	Rebaje de cordón.	Sí	No hay baños		Sí.	No	Rebaje de cordón. Juegos inclusivos hamaca accesible para personas en silla de ruedas y calesita inclusiva.	 Sin señalización	No	Cartelería solo descriptiva. Accesibilidad básica.	Cartelería solo descriptiva. Accesibilidad básica.																																																																																																
66	17/04/2015 - 13:54	Plaza en Piccioli y Vasconcellos	Parques y plazas	Piccioli esq. Vasconcellos	-34.854795847136	-56.138570305796	http://www.montevideo.gub.uy/aplicacion/como-ir?key=85he54nt17	VILLA ESPAÑOLA			1950 7009	municipiof@imm.gub.uy	http://municipiof.montevideo.gub.uy/comunicacion/noticias/juegos-saludables	Plaza que ha sido reformada en el marco del Compromiso de Accesibilidad, donde se colocaron juegos inclusivos y se reformó la caminería interna. Es un espacio recreativo libre que cuenta con una calesita inclusiva.		Rebajes de cordón.							No hay baños		Dificultosa.		Calesita inclusiva.	 Sin señalización	No	Cartelería solo descriptiva. Accesibilidad básica.	Cartelería solo descriptiva. Accesibilidad básica.																																																																																																
19	17/04/2015 - 13:52	Plaza Cardenal Antonio María Barbieri	Parques y plazas	Av Garibaldi (esq. Marsella)	-34.874837312897	-56.182408329935	http://www.montevideo.gub.uy/aplicacion/como-ir?key=10ktxq9eaa	REDUCTO			1950 7575	municipioc@imm.gub.uy	http://municipioc.montevideo.gub.uy/	Plaza que ha sido reformada en el marco del Compromiso de Accesibilidad, donde se colocaron juegos inclusivos y se reformó la caminería interna. Es un espacio recreativo libre que cuenta con hamaca accesible para personas en silla de ruedas y calesita inclusiva.		Rebaje de cordón. Rampa. 				Sí	Rebaje de cordón.	Sí	No hay baños			No	Es un espacio recreativo libre que cuenta con hamaca accesible para personas en silla de ruedas y calesita inclusiva.	 Sin señalización	No	Cartelería solo descriptiva. Accesibilidad básica.	Cartelería solo descriptiva. Accesibilidad básica.																																																																																																
59	17/04/2015 - 13:51	Plaza Miguel Angel Pareja	Parques y plazas	Av. Agraciada esq. Grito de Asencio.	-34.875405941206	-56.199338433239	http://www.montevideo.gub.uy/aplicacion/como-ir?key=1sm3y6bfdb	CAPURRO BELLA VISTA			1950 7575	municipioc@imm.gub.uy	http://municipioc.montevideo.gub.uy/	Plaza que ha sido reformada en el marco del Compromiso de Accesibilidad, donde se colocaron juegos inclusivos y se reformó la caminería interna. Es un espacio recreativo libre que cuenta con calesita inclusiva y hamaca accesible para personas en silla de ruedas.		Rebaje de cordón. 				Sí	Rebaje de cordón.	Sí	No hay baños		Sí.	No	Plaza que ha sido reformada en el marco del Compromiso de Accesibilidad, donde se colocaron juegos inclusivos y se reformó la caminería interna.Es un espacio recreativo libre que cuenta con calesita inclusiva y hamaca accesible para personas en silla de ruedas. 	 Sin señalización	No	Cartelería solo descriptiva. Accesibilidad básica. 	Cartelería solo descriptiva. Accesibilidad básica. 																																																																																																
97	17/04/2015 - 13:49	Plaza Venancio Benavidez y Caiguá	Parques y plazas	Venancio Benavidez esq. Caiguá	-34.864430341918	-56.195325848551	http://www.montevideo.gub.uy/aplicacion/como-ir?key=32quzxkn6c	PRADO NUEVA SAVONA			1950 7575	municipioc@imm.gub.uy	http://municipioc.montevideo.gub.uy/	Plaza que ha sido reformada en el marco del Compromiso de Accesibilidad, donde se colocaron juegos inclusivos y se reformó la caminería interna. Es un espacio recreativo libre que cuenta con calesita inclusiva y hamaca accesible para personas en silla de ruedas.		Rebaje de cordón.				Sí	Rebaje de cordón.		No hay baños		Sí.	No	Juegos inclusivos.	 Sin señalización	No	Cartelería solo descriptiva. Accesibilidad básica.	Cartelería solo descriptiva. Accesibilidad básica.																																																																																																
62	17/04/2015 - 13:48	Plaza ex Terminal Goes	Parques y plazas	Domingo Aramburú 1575	-34.881896887024	-56.182837483377	http://www.montevideo.gub.uy/aplicacion/como-ir?key=cs4r3galsa	GOES			1950 7575	municipioc@imm.gub.uy	http://municipioc.montevideo.gub.uy/	Plaza que ha sido reformada en el marco del Compromiso de Accesibilidad, donde se colocaron juegos inclusivos y se reformó la caminería interna. Es un espacio recreativo libre que cuenta calesita inclusiva.		Rebaje de cordón. Sin señalización para personas con discapacidad visual.				Sí	Rebaje de cordón sin barandas. Rebaje en los accesos a la plaza.	Sí	Baños accesibles	Baños accesibles en el centro cultural de la plaza. Los mismos están abiertos al público de lunes a sábados de 10 a 20hs.	Sí.	No	Plaza que ha sido reformada en el marco del Compromiso de Accesibilidad, donde se colocaron juegos inclusivos y se reformó la caminería interna.Es un espacio recreativo libre que cuenta con una calesita inclusiva.  	 Sin señalización	No	Cartelería solo descriptiva. Accesibilidad básica. 	Cartelería solo descriptiva. Accesibilidad básica. 		"""38"	15/04/2015 - 15:14	Museo Cabildo de Montevideo	Museo	Juan Carlos Gómez 1362 (esq. Sarandí)	-34.906315717895,-56.202599999401	http://www.montevideo.gub.uy/aplicacion/como-ir?key=a7s3uzvcwy	CIUDAD VIEJA			2915 9685		http://cabildo.montevideo.gub.uy/	Dada su estructura arquitectónica y su condición de monumento del patrimonio histórico de Uruguay, el Cabildo no cuenta con una adecuada accesibilidad, siendo dificultoso el ingreso y permanencia en el, sobre todo para las personas con discapacidad motriz. No cuenta con señalización adecuada para personas con discapacidad visual. Algunas muestras tienen material audio visual.Museo histórico que reconstruye la gesta patriótica nacional de la Independencia. Punto turístico de excelencia como lugar emblemático del Montevideo Colonial. Monumento histórico. 					Batiente	No		Sí	Baños accesibles	Dificultoso acceso.	Espacios amplios. Pisos de adoquines, escalonado. 	No	Rampa móvil.	 Sin señalización	No	Cartelería, información y documentación de manera escrita, en las diferentes muestras. 	Cartelería, información y documentación de manera escrita en las diferentes muestras. Algunas muestras cuentan con material audio visual.	17	"Salas con muestras permanentes, salas con exposiciones temporales, y algunas dedicadas a actividades didácticas, distribuidas en planta baja y planta alta.""35"	15/04/2015 - 14:38	Museo de Arte Precolombino e Indígena (MAPI)	Museo	25 de Mayo 279	-34.907131109436,-56.210174557658	http://www.montevideo.gub.uy/aplicacion/como-ir?key=xyk1atau7f	CIUDAD VIEJA			2916 9360	contacto@mapi.uy	http://www.mapi.uy/	El museo no cuenta con rampa de acceso ni elevadores. Tiene escaleras en las dos entradas, dificultando el acceso a las personas con discapacidad motriz. Carece de baños accesibles y señalización para personas con discapacidad visual. Cuenta con tablets que ofician de audio-guía en algunas de las muestras permanentes.El personal que allí trabaja brinda la ayuda necesaria para sortear las barreras de accesibilidad. El Museo de Arte Precolombino e Indígena (MAPI) es un emprendimiento cultural de gestión mixta en el que están asociadas la Intendencia de Montevideo y la sociedad civil y en el que las partes aportan valores, patrimonio y recursos desde una visión compartida.El MAPI ofrece a los visitantes una colección permanente de piezas arqueológicas y etnográficas de diferentes culturas originarias del continente americano.	Cuenta con audio-guía en sala principal en algunas de las obras. Personal capacitado.	Dificultosa.			Batiente	No		Sí	Baños no accesibles		Dificultosa.	Sí	Escaleras en las dos puertas de acceso. No tiene baños accesibles.	 Sin señalización	No	Caterelería e información solo descriptiva. Accesibilidad básica.	Caterelería e información solo descriptiva. Accesibilidad básica.	10	"Diez salas distribuídas en 4 niveles.""55"	13/04/2015 - 15:15	Facultad de Arquitectura UdelaR	Centros educativos	Br. Artigas 1031	-34.910843286712,-56.164104935618	http://www.montevideo.gub.uy/aplicacion/como-ir?key=dzdrmlpqjy	PARQUE RODO		427, 407, 300, otros	2538 1/4	contacto@farq.edu.uy	http://www.farq.edu.uy/	"En la Facultad de Arquitectura se forman e investigan quienes intervienen activamente en la concepción y en la construcción física del hábitat del hombre, en sus múltiples dimensiones.La rampa construida en su entrada principal, confiere accesibilidad universal al edificio histórico, integrándose naturalmente al acceso, permitiendo acceder por un mismo punto tanto al que toma la escalera como el que utiliza la rampa.En los diferentes ámbitos y carreras de la Facultad, se desarrollan y transmiten conocimientos y habilidades que permiten imaginar y fabricar objetos, o indumentaria, o el equipamiento incluido en cierta habitación; o proyectar el edificio del que esta habitación forma parte; o la manzana de la ciudad donde está edificado aquel edificio; o planificar la ciudad en la que está incluida aquella manzana; o participar en el ordenamiento del territorio donde se asienta aquella ciudad, o…"		Sí.			Batiente, Giratoria	Sí	Rampa de material con barandas, sobre el acceso principal de la facultad.	Sí	Baños accesibles	Un baño accesible por nivel para los estudiantes. Más un baño accesible en la sala de profesores.	Sí.	Sí	Rampa de acceso principal. Ascensor. Baños accesibles.	 Sin señalización	Sí	Cartelería e información.	Caretelería e información.
57	13/04/2015 - 14:50	Facultad de Artes - Instituto Escuela Nacional de Bellas Artes- UdelaR	Centros educativos	18 de Julio 1772	-34.902796659666	-56.177805659266	http://www.montevideo.gub.uy/aplicacion/como-ir?key=3garenhtgv	CORDON		Todas las que van por 18 de Julio	2708 7606		http://www.enba.edu.uy/	La Escuela Nacional de Bellas Artes estuvo durante la década del ’50 en la órbita del Ministerio de Instrucción Pública. Por la ley de Presupuesto de 1957 ingresa a la Universidad de la República como Escuela dependiente del Rectorado y luego de un proceso de más de cuarenta años, en 1993, por resolución del Consejo Directivo Central, se constituye en Instituto Asimilado a Facultad, estando en el presente en proceso de constituir la Facultad de Artes conjuntamente con la Escuela Universitaria de Música.		Rebaje de cordón con señalización para personas con discapacidad visual.			Batiente	Sí	Rampa de material con barandas por 18 de Julio.Rampa acceso por Guayabos.	Sí	Baños accesibles	Baños masculinos en planta baja.Baños accesibles universales en 3er y 4to piso.	Sí.	Sí	Rampas y ascensor. Baños accesibles.	 Sin señalización	Sí	Cartelería solo descriptiva.	Cartelería solo descriptiva.		"""73"	13/04/2015 - 13:49	Facultad de Ingenieria UdelaR	Centros educativos	J. H y Reissig 565	-34.917269859513,-56.165993210765	http://www.montevideo.gub.uy/aplicacion/como-ir?key=jr5n18uhzv	PUNTA CARRETAS		405, 192	2711.0698 - 2711.0798 - 2711.0898		http://www.fing.edu.uy/	Rampas en las veredas de calle Reissig y mejor en la accesibilidad al edificio central. Baños accesibles. Ascensor con audio-guía (voz). Todas las aulas cuentan con accesibilidad física y un espacio reservado para las personas en sillas de ruedas. Sala de informática con accesibilidad física total.La Facultad de Ingeniería de la Universidad de la República es la única institución pública de educación superior en ingeniería del Uruguay. Su objetivo es la formación de profesionales capacitados para afrontar las necesidades y demandas del sector productivo, así como contribuir al desarrollo de la sociedad.		Rebaje de cordón. Rampas de acceso. Mejora de caminería y veredas.	Sí	Estacionamiento prinicpal	Batiente	Sí		Sí	Baños accesibles	En 1er y 2do piso.	Sí. Ascensor con audio-guía (voz) para personas con discapacidad visual.	Sí	Rampas. Ascensor. Baños accesibles. Aulas con accesibilidad y espacio reservado para personas en silla de ruedas.	 Sin señalización	No	Cartelería, folletería e información a lo largo del recorrido del edificio.	Cartelería, folletería e información a lo largo del recorrido del edificio.																																																																
53	13/04/2015 - 13:40	Facultad de Agronomía UdelaR	Centros educativos	Garzón 780	-34.836621198853	-56.221343275996	http://www.montevideo.gub.uy/aplicacion/como-ir?key=p6lcg0ybqu				2435  1/2 		http://portal.fagro.edu.uy/index.php/institucional/vision-y-mision	La Facultad de Agronomía es una institución pública con liderazgo nacional y reconocimiento regional en educación terciaria y superior en Ciencias Agrarias. Contribuye con excelencia, pertinencia y valores éticos al desarrollo sostenible del país, basada en la integración de la enseñanza con la investigación, la innovación y la extensión.								Sí	Baños no accesibles		Dificultosa.		Accesibilidad y circulación dificultosa.	 Sin señalización	No	Cartelería e información descriptiva.	Cartelería e información descriptiva.																																																																																																
76	13/04/2015 - 12:59	Museo Centro de Exposiciones SUBTE	Museo	Plaza Fabini s/n, 18 de Julio y Julio Herrera.	-34.905757818420	-56.194124218911	http://www.montevideo.gub.uy/aplicacion/como-ir?key=eehzf7fkis	CENTRO			29087643	 subtemvd@gmail.com	http://subte.montevideo.gub.uy/	El acceso para personas con discapacidad se puede hacer por el ascensor ubicado en la calle Julio Herrera y Obes, dicho ascensor cuenta también con botones con texto en braile indicando el número del piso (no tiene audio-guía).Centro cultural para la creación, producción y difusión del arte contemporáneo. Ubicado en el corazón de la ciudad de Montevideo, este espacio cuenta con una amplia y diversa participación de visitantes, artistas e intermediarios culturales.	Personal que acompaña a quienes visiten las diferentes muestras.	Rebaje de cordón.			Corrediza	No		Sí	Baños no accesibles		Espacios amplios, sin señalización para personas con discapacidad visual.	Sí	Acceso por ascensor. Espacios amplios. Baños no accesibles.	 Sin señalización	No	Información en cartelería. Muestras itinerantes y variadas.	Información en cartelería. Muestras itinerantes y variadas.																																																																																																
75	13/04/2015 - 12:46	Museo de las Migraciones	Museo	Bartolomé Mitre 1550 esq. Piedras	-34.903397474487	-56.203383204433	http://www.montevideo.gub.uy/aplicacion/como-ir?key=gn7fw7x1ob	CIUDAD VIEJA			1950 1777- 2916 5316 - 2915 1318		http://mumi.montevideo.gub.uy/museo-de-las-migraciones	"El museo no cuenta con rampa de acceso ni ascensores. En su entrada principal hay un escalón y un tramo de escalera, lo que dificulta el acceso a las personas con discapacidad motriz. No hay señalización para las personas con discapacidad visual.s de destacar que el personal que allí trabaja brinda la ayuda necesaria para salvaguardar dichas barreras. Se puede coordinar la visita comunicándose con los números que aparecen aquí.Misión:Ilustrar, explicar, difundir y divulgar el fenómeno migraciones, caracterizándose por establecer un modelo de museo dinámico e integral, en permanente sintonía con el visitante, con un diseño audaz y vanguardista.Objetivo general: Poner en valor el patrimonio cultural de las comunidades migrantes a partir de la generación de sinergias entre el museo, la ciudadanía, investigadores, artistas, promoviendo una representación patrimonial consensuada e inclusiva, que permita visualizar qué han supuesto las migraciones humanas para las sociedades; y que permitan  reconocer que en la diversidad cultural, se sustenta el patrimonio común de la humanidad."	Personal capacitado.	Rebajes de cordón.			Batiente	No		Sí	Baños no accesibles	Los baños no cuentan con accesibilidad para personas con discapacidad motriz.	No hay conexión accesible entre los diferentes lugares del museo.	No	Muy dificultosa.Accesibilidad a la Muralla, entrada a nivel del suelo.	 Sin señalización	No	Cartelería e información descriptiva. Personal capacitado para brindar ayuda.	Cartelería e información descriptiva. Personal capacitado para brindar ayuda.	3	"Planta Principal, Sub suelo, Muralla""5"	13/04/2015 - 11:18	Sala Zitarrosa	Teatro	18 de Julio 1012	-34.906251306246,-56.194498542448	http://www.montevideo.gub.uy/aplicacion/como-ir?key=d6j7uskfns	CENTRO		Todas las que van por 18 de Julio	2901 7303 / 2901 1756 	info@salazitarrosa.com.uy	http://www.salazitarrosa.com.uy/index_1.html	La Sala cuenta con una rampa de acceso, baño accesible y personal capacitado para brindar ayuda a las personas con discapacidad.El 3 de noviembre de 1999, abre sus puertas la Sala Zitarrosa, con el cometido de presentar espectáculos musicales de alto nivel y en ocasiones audiovisuales. Es una sala muy cómoda para el público ubicada en un punto privilegiado del centro de la ciudad de Montevideo, cerca de los principales puntos de interés turístico.		Rebaje de cordón.			Batiente	Sí	Rampa de baldosas sin barandas.	Sí	Baños accesibles	Baño accesible que se encuentras hacia el lado de los baños generales del teatro, antes de la escalera.	Sí.	No	Rampa. Lugares distribuídos en la sala para las personas que se trasladan en silla de ruedas. Baño accesible.	 Sin señalización	No	Cartelería solo descriptiva e informativa. Accesibilidad básica. Personal capacitado.	Cartelería solo descriptiva e informativa. Accesibilidad básica. Personal capacitado.	1																																																															
60	07/04/2015 - 15:11	Teatro Sala Verdi	Teatro	Soriano 914	-34.908259911448	-56.196401152575	http://www.montevideo.gub.uy/aplicacion/como-ir?key=9k956ae489	CENTRO			29017453		http://salaverdi.montevideo.gub.uy/	La sala no cuenta ni con rampa de acceso ni con baño accesible. Tampoco existe señalización para personas con discapacidad visual. El personal que allí trabaja, brinda la ayuda necesaria para salvaguardar las barreras de accesibilidad que se presenten.Sala Verdi es una de las casas de la Comedia Nacional, elenco oficial de Uruguay. Asimismo, en su carácter de sala perteneciente a la Intendencia de Montevideo, acoge presentaciones de muestras estudiantiles y de egresados tanto de la Escuela de Música “Vicente Ascone” y como de la Escuela Multidisciplinaria de Arte Dramático.Se considera también cometido de la sala dar espacio a propuestas del interior, así como artistas de carácter internacional.		Rebaje de cordón. Sin señalización para personas con discapacidad visual. Circulación dificultosa.			Batiente	No		Sí	Baños no accesibles	Los baños son bajando una escalera, no cuentan con accesibilidad universal. 	No.	No	No tiene rampa de acceso ni ascensor. No hay baños accesibles.	 Sin señalización	No	Cartelería solo descriptiva. Accesibilidad básica. 	Cartelería solo descriptiva. Accesibilidad básica. 		"""34"	07/04/2015 - 15:00	Auditorio Nacional del Sodre Dra Adela Reta	Teatro	Andes (esq. Mercedes)	-34.904985342224,-56.198823449106	http://www.montevideo.gub.uy/aplicacion/como-ir?key=v4m1aapoo7	CENTRO		Por 18 de Julio	2900 7084	comunicacion@auditorio.uy	http://auditorio.com.uy/index_1.html	El Auditorio Nacional del Sodre Dra. Adela Reta es un espacio polivalente y abierto al encuentro con las artes escénicas. Un centro de exhibición y producción que alberga espectáculos de música, ballet, ópera, además de compañías que conjugan múltiples disciplinas en la vanguardia de la creación.Cuenta con acceso para personas que se trasladen en silla de ruedas. Ascensor. Baño accesible. Lugares dispuestos en cada sala. Personal capacitado que brinda la ayuda necesaria.El Sodre ha participado a través del programa de Compromiso de Accesibilidad de jornadas de sensibilización y educación con promotores de inclusión.	Cuentan con silla de ruedas propia. Personal capacitado.	Rebaje de cordón. Acceso preferencial.	Sí	Dos lugares dispuestos, uno en puerta principal y otro en puerta lateral.	Batiente	Sí	Rampa de material, sin barandas, sin señalización para personas con discapacidad visual.	Sí	Baños accesibles	Baños accesibles en planta baja.	Espacios amplios. Sin señalización para personas con discapacidad visual. Personal capacitado que brinda la ayuda necesaria.	Sí	Estacionamiento reservado. Acceso por rampa. Ascensor. Lugares dispuestos en cada una de las salas. Baño accesible.	 Sin señalización	No	Cartelería informativa, descriptiva. Personal capacitado.	Cartelería descriptiva, informativa. Personal capacitado.	2	"2 salas en edificio central del Auditorio.""40"	07/04/2015 - 14:48	Teatro Solís	Teatro	 Reconquista s/n esq. Bartolomé Mitre	-34.908118162353,-56.201784607860	http://www.montevideo.gub.uy/aplicacion/como-ir?key=vpd5y1ihiv	CIUDAD VIEJA			1950 3323 - 1950 3325	info@teatrosolis.org.uy	http://www.teatrosolis.org.uy/index_1.html	Uno de los escenarios más importantes de la cultura uruguaya, donde todo el año se puede disfrutar de variados espectáculos nacionales e internacionales, donde conviven el teatro, la danza y la música.El Teatro Solís cuenta con la Certificación UNIT de Accesibilidad al Entorno Edificado. Esta institución se constituye así, en el primer teatro latinoamericano que recibe este tipo de certificación.	El certificado otorgado por UNIT evidencia que:El nivel de pórtico del ingreso, vestíbulo principal, palcos 17 y 18 de sala, la sala de exposiciones, ropería, tienda, baños femenino y masculino de Sala y el nivel de Foyer, cumplen los requisitos establecidos en la Guía UNIT 200:2004, y que por tanto constituyen espacios utilizables por todas las personas incluso por aquellas que tienen capacidades diferentes.A esto se agrega que el Teatro cuenta con personal permanente de atención al público, que posee la formación necesaria para la atención a personas con discapacidad visual. Estos hechos, que permiten a toda la población disfrutar de las actividades culturales del Teatro Solís, lo convierten en un referente no sólo en el país, sino en toda Latinoamérica.Este certificado evidencia que los ambientes son accesibles y que pueden ser utilizados por todas las personas en forma segura, equitativa y de la manera más autónoma posible.	Rebaje de cordón y señalización para personas con discapacidad visual. Mejoras en las veredas. Rampas.	Sí		Batiente	Sí	Rampa de metal, con barandas a los lados en la puerta de acceso principal.	Sí	Baños accesibles	Baños accesibles ubicados en cada una de las áreas de baños, tanto para mujeres como para hombres.	Sí. Accesibilidad total a los diferentes niveles del edificio por ascensor que cuenta con botonera con numeración en braile.	Sí	Rampa. Ascensor. Lugares disponibles para personas que se trasladen en sillas de ruedas dentro de cada sala.El Teatro Solís cuenta con la Certificación UNIT de Accesibilidad al Entorno Edificado. 	 Sin señalización	No	Información en cartelería, ubicación en mapas dispuestos a lo largo del teatro. Personal capacitado que brinda ayuda.	Información en cartelería, ubicación en mapas dispuestos a lo largo del teatro. Personal capacitado que brinda ayuda.	4	"Todas las salas cuentas con accesibilidad.""69"	07/04/2015 - 11:56	Facultad de Ciencias Económicas UdelaR	Centros educativos	Gonzalo Ramirez 1926	-34.912195120055,-56.173224446268	http://www.montevideo.gub.uy/aplicacion/como-ir?key=ecxnompg7s	PALERMO			2411 88 39		http://fcea.edu.uy/	El ingreso accesible se encuentra por la puerta ubicada en calle Eduardo Acevedo, abierta en horario de Facultad. El edificio cuenta con una circulación accesible, sin barreras, en su totalidad. Tiene 2 ascensores con botoneras indicando los números en texto braile y dispositivos de voz.Rampas y elevadores en zonas de desnivel.Baños accesibles en los 3 niveles.En la actualidad, el Plan vigente (1990) abre nuevas carreras y posibilidades de formación (Contador Público, Licenciado en Administración, Licenciado en Economía y Licenciado en Estadística) para el egresado de la enseñanza media. Asimismo la Facultad ofrece cursos de actualización, (en consonancia con la exigencia de educación permanente) y de perfeccionamiento (posgrados y Maestrías).		Rebaje de cordón.	Sí	Por calle Eduardo Acevedo.	Corrediza, Batiente	Sí	Rampas internas en zonas con desniveles.	Sí	Baños accesibles	Baños accesibles en todos los niveles del edificio.	Sí.	Sí	Rampas, elevadores, ascensores y baños accesibles. 	 Sin señalización	Sí	Cartelería e información dispuesta a lo largo del recorrido interno de la facultad.	Cartelería e información dispuesta a lo largo del recorrido interno de la facultad.
65	07/04/2015 - 11:40	Espacio en la explanada del Hospital de Clínicas 	Parques y plazas	Av. Italia esq. Av. Centenario	-34.891166601377	-56.153655049297	http://www.montevideo.gub.uy/aplicacion/como-ir?key=2egcyqd35v	PQUE BATLLE VILLA DOLORES						Es un espacio recreativo libre que cuenta con un mangrullo para personas en silla de ruedas.Este predio ha sido reformado por parte de la Universidad de la República, en el marco del Compromiso de Accesibilidad.El mangrullo se encuentra junto a un espacio de juegos saludables.		Rebaje de cordón.				Sí	Rebaje de cordón.	Sí			Dificultosa.	No	Mangrullo.	 Sin señalización	No	Cartelería solo descriptiva. Accesibilidad básica. 	Cartelería solo descriptiva. Accesibilidad básica. 																																																																																																
9	06/04/2015 - 14:47	Playa Malvín	Playa	Rambla O'higgins e Hipolito Yrigoyen	-34.895801458557	-56.107993123026	http://www.montevideo.gub.uy/aplicacion/como-ir?key=2laswbrvke	MALVIN		Rambla: 104, 111, 113, 402. Almeria: 60, 140, Linea G, 2.	1950 7343		http://www.montevideo.gub.uy/ciudad-y-cultura/deportes-y-playas/playasciudad-y-cultura/deportes-y-playas/playas/playas-de-montevideo/playa-mal	Una de las playas de Montevideo que cuenta con accesibilidad. Rampa de madera y caminero de tablones de madera hasta la arena, baño accesible en temporada de verano.Rodeada por uno de los barrios más elegantes de la capital, la playa Malvín se caracteriza por ser más amplia que las anteriores y por tener aguas más claras. En frente a la playa puede verse la Isla de las Gaviotas, una formación rocosa que da un encanto especial al paisaje. Cuenta con un parador. 		Rambla con rebaje de cordón en los cruces. Acceso por la bajada de la calle Hipolito Yrigoyen.				Sí	Rampa de madera con baranda a los lados. Caminero de tablones de madera hasta la arena.	Sí	Baños accesibles	Baños químicos colocados en temporada de verano.	Rampa de acceso. Caminero de madera que permite el acceso a la arena.	No	Rampa. Caminero de madera que permite el acceso hasta la arena.Baños químicos accesibles.(Los baños se encuentran disponibles en temporada de verano)	 Sin señalización	Sí	Cartelería solo descriptiva. Accesibilidad básica. 	Cartelería solo descriptiva. Accesibilidad básica. 		"""6"	06/04/2015 - 14:09	Playa Pocitos	Playa	Rambla República del Perú	-34.911197338304,-56.144894954654	http://www.montevideo.gub.uy/aplicacion/como-ir?key=btu6fzu9he	POCITOS			1950 7054		http://www.montevideo.gub.uy/ciudad/historia/barrios/pocitos	"Una de las playas de Montevideo que cuenta con accesibilidad. Rampa de hormigón con barandas y caminero de tablones de madera hasta la arena, y un baño accesible (disponible en temporada de verano).Desde donde la calle 26 de Marzo cruza La Gaceta y Lorenzo J. Pérez, corría hacia el río de la Plata un arroyo sin nombre. Más tarde, se denominaría de Silva, en época del saladero que lindaba con el de Pereyra. Tiempo después, atraídas por las aguas limpias del arroyo, aparecieron las lavanderas morenas, que excavaban cachimbas o pocitos donde lavaban las ropas de sus amos residentes en la ciudad amurallada. El arroyo entonces se llamó ""de los Pocitos""."		Veredas con rebaje de cordón en los cruces, señalizadas para personas con discapacidad visual. Circuitos accesibles.				Sí	Rampa de material con baranda a los lados.	Sí	Baños accesibles	Baños químicos que se colocan en temporada de verano.	Caminero de madera que permite el acceso hasta la arena.	No	Una de las playas de Montevideo que cuenta con accesibilidad. Rampa de hormigón con barandas y caminero de tablones de madera hasta la arena, y un baño accesible.	 Sin señalización	Sí	Cartelería solo descriptiva. Accesibilidad básica. 	Cartelería solo descriptiva. Accesibilidad básica. 		"""4"	06/04/2015 - 14:06	Playa Ramírez	Playa	Rambla República Argentina	-34.916492375128,-56.169357769561	http://www.montevideo.gub.uy/aplicacion/como-ir?key=pv2dmuyeet	PARQUE RODO		149 - 522	1950 7052	municipiob@imm.gub.uy	http://www.montevideo.gub.uy/ciudad-y-cultura/deportes-y-playas/playasciudad-y-cultura/deportes-y-playas/playas/playas-de/playa	Una de las playas de Montevideo que cuenta con accesibilidad. Rampa de hormigón y caminero de tablones de madera hasta la arena. Baño accesible (químico) colocados en temporada de verano.La playa se caracteriza por sus arenas blancas y aguas sumamente calmas y llanas. A sólo 10 minutos del centro de Montevideo, dentro del Municipio B.En verano hay actividades deportivas para personas con discapacidad.		Rambla. Rebaje de cordón en los cruces. Señalización para personas con discapacidad visual.				Sí	Cuenta con una rampa de material y un caminero de madera que se coloca en verano facilitando el acceso hasta la arena.	Sí	Baños accesibles	Baños químicos accesibles.(Los mismos son colocados y cuidados por personal, en temporada de verano)	Caminero de madera que facilita el acceso hasta la arena.	No	Cuenta con rampa de material y caminero de madera hasta la arena. Baños accesibles.	 Sin señalización	Sí	Cartelería solo descriptiva. Accesibilidad básica. 	Cartelería solo descriptiva. Accesibilidad básica. 																																
11	06/04/2015 - 14:03	Playa Pajas Blancas	Playa	Rambla Puerto Soledad de Malvinas	-34.869666013916	-56.340857145281	http://www.montevideo.gub.uy/aplicacion/como-ir?key=o62a1l8kxv	CASABO PAJAS BLANCAS		L15 Y L16 (Terminal en la playa)			http://www.municipioa.montevideo.gub.uy/node/191	Una de las playas de Montevideo que cuenta con accesibilidad. Se accede a la misma a través de una rampa de material con barandas a los lados y un caminero hecho de tablones de madera que permite el acceso hasta la arena.Se encuentra en la costa del río de la Plata, al oeste del cerro de Montevideo y al noroeste de Punta Yeguas. Zona costera agreste. Pesca artesanal.		Arreglo del estado de veredas y entorno a la playa. Rebajes de cordón sin señalización para personas con discapacidad visual.				Sí	Rampa de material con barandas a los lados. Tramo con un caminero de tablas de madera que facilita el acceso a la arena. 	Sí	No hay baños			No	Rampa de acceso de material con barandas a los lados. Caminero de tablones de madera hasta la arena. No hay baño.	 Sin señalización	Sí	Cartelería solo descriptiva. Accesibilidad básica. 	Cartelería solo descriptiva. Accesibilidad básica. 																																																																																																
61	06/04/2015 - 13:58	Punto de Encuentro	Otros	San José 1116	-34.907066736419	-56.191935536357	http://www.montevideo.gub.uy/aplicacion/como-ir?key=8iemebea0t	CENTRO			2902 3941	puntodeencuentro.mec@gmail.com	http://cultura.mec.gub.uy/mecweb/container.jsp?contentid=1715&site=8&chanel=mecweb&3colid=1715	Es un proyecto multidisciplinario de la Dirección Nacional de Cultura_MEC para promover el cruce de los lenguajes artísticos e impulsar el encuentro entre las distintas disciplinas, articulando el diálogo y la reflexión entre los creadores, el público y las instituciones.Cuenta en su puerta de acceso principal con una rampa de metal con baranda a los lados. Rampas internas y espacios amplios. Baño accesible. No cuenta con señalización para personas con discapacidad visual.		Rebaje de cordón.			Batiente	Sí	Rampa de material con piso antideslizante con baranda en uno de los lados.	Sí	Baños accesibles	Baño accesible en la parte trasera de planta baja, detrás de la videoteca y biblioteca.	Sí.	Sí	Rampa en el acceso principal. Baño accesible.	 Sin señalización	No	Cartelería solo descriptiva. Accesibilidad básica. 	Cartelería solo descriptiva. Accesibilidad básica. 	2	"Sala principal y Mediateca cultural""39"	06/04/2015 - 13:47	Mercado Agrícola de Montevideo 	Otros	José L. Terra 2220 esq. Martín García 	-34.887003812989,-56.183390018436	http://www.montevideo.gub.uy/aplicacion/como-ir?key=avg2f9v51a	GOES			2200 9535		http://www.mam.com.uy/	Es un nuevo punto turístico en la ciudad y un paseo diferente para toda la familia, donde todos los sentidos juegan con la frescura y la historia del lugar.El renovado Mercado Agrícola de Montevideo es el primer Centro Comercial Minorista especializado en la venta de alimentos no perecederos y frescos, autóctonos, que tengan nuestra identidad impregnada, donde encontrarás productos exóticos y una propuesta gourmet tal como Montevideo se merecía.Su propuesta constituida por una completa gama de negocios de Frutas y Verduras, Alimentos frescos, Especialidades Naturales, Gastronómicos y complementado por una oferta de productos y servicios, lo hacen un lugar único en nuestra ciudad y nuestro país.El complejo cuenta con estacionamiento reservado para personas con discapacidad, puerta accesible y baños accesibles.	Cuentas con sillas de ruedas y carritos andadores con asiento, los que se dan en préstamo ha quien lo solitice en el local de atención al cliente del Mercado.	Entrada accesible por Martín García.Rebaje de cordón. Señalización para personas con discapacidad visual.	Sí	Lugares dispuestos en la puerta de acceso por la calle Martín García.	Corrediza	Sí	Rampa en puerta de calle Valle Inclan, puerta de Martín García acceso a nivel del suelo.	Sí	Baños accesibles	Baño ubicados dentro de los baños masculinos y femeninos. 	Sin señalización para personas con discapacidad visual. Cartelería descriptiva básica. Senderos internos de adoquines. Plaza de comidas pisos de cerámica.	No	Estacionamiento para personas con discapacidad. Entrada de acceso a nivel. Baños accesibles. 	 Sin señalización	No	Cartelería solo descriptiva. Accesibilidad básica. 	Cartelería solo descriptiva. Accesibilidad básica. 																																																																
95	06/04/2015 - 13:40	Complejo Municipal SACUDE	Otros	Los Ángeles 5340 esquina Curitiba.	-34.823059950074	-56.174468991252	http://www.montevideo.gub.uy/aplicacion/como-ir?key=l9v2v774dm	CASAVALLE			22260149		http://www.sacude.org.uy/	El Complejo Municipal SACUDE es un proyecto que apuesta a mejorar la calidad de vida de los vecinos y vecinas del Municipio D mediante la promoción de su acceso democrático a la cultura, el deporte y la salud.La entrada accesible es por las canchas que se encuentran hacia el costado de la entrada principal. En sus instalaciones cuentan con baño accesible. Está ubicado en el Barrio Municipal, en la zona de Casavalle, y se construyó en 2010 en el marco de la regularización de tres asentamientos de la zona: Barrios Unidos, Curitiba y 3 de Agosto.		Rebajes de cordón, sin señalización para personas con discapacidad visual.			Batiente	No	La entrada accesible se encuentra a nivel del suelo, a través de la puerta del gimnasio. 	No	Baños accesibles		Sí.	No	Cuenta con entrada accesible y baño accesible.	 Sin señalización	No	Cartelería e información. Personal capacitado para brindar ayuda.	Cartelería e información. Personal capacitado para brindar ayuda.																																																																																																
71	27/03/2015 - 14:30	Facultad de Derecho UdelaR	Centros educativos	Av. 18 de Julio 1824	-34.902388963897	-56.176636216136	http://www.montevideo.gub.uy/aplicacion/como-ir?key=cadu34kot9	CENTRO			2408 3311	sdecano@fder.edu.uy	http://www.fder.edu.uy/	Rampa de acceso en entrada principal. Elevador. Baños accesibles en planta baja y planta alta. Mostrador en Consultorio Jurídico a altura accesible para personas en silla de ruedas.En el año 2008, la Facultad de Derecho cumplió 170 años de su creación, como legítima sucesora de la Academia Teórico-Práctica de Jurisprudencia fundada el 11 de junio de 1838. Sus orígenes son aún más remotos, ya que la Cátedra de Jurisprudencia había sido erigida exactamente 5 años antes, en los albores de la República. Su establecimiento definitivo se dio en 1849, junto con el de la Universidad.La Facultad ha cumplido a lo largo de su historia un rol de garante del ordenamiento jurídico en un entorno cambiante fuertemente caracterizado por requerimientos cada vez más exigentes en los que ha sabido posicionar y defender la importancia de las normas y el respeto del Derecho.En su tradicional Edificio Principal, que comparte con la Universidad y constituye uno de los íconos arquitectónicos de la Capital, en su moderno Anexo de la calle Colonia y en sus instalaciones de la Regional Norte en Salto, estudian en forma activa más de seis mil alumnos, imparten clase más de 700 docentes y trabajan más de 200 funcionarios administrativos. Una gran comunidad académica al servicio del desarrollo nacional.Fuente: http://www.fder.edu.uy/institucion.html		Rebajes de cordón.			Batiente	Sí	Rampa en el acceso principal.	Sí	Baños accesibles	Baños accesibles para hombre y mujeres dispuestos en planta alta y baja.	Si. Elevadores y rampa.	No	Rampa de acceso. Elevador. Baño accesible.	 Sin señalización	No	Caretelería, folletería, mapas etc, dispuestos en el recorrido del edificio.	Caretelería, folletería, mapas etc, dispuestos en el recorrido del edificio.		"Anexo de Facultad de Derecho""72"	27/03/2015 - 13:10	Facultad de Humanidades y Ciencias de la Educación UdelaR	Centros educativos	Magallanes 1577	-34.900629434785,-56.181346175166	http://www.montevideo.gub.uy/aplicacion/como-ir?key=x4bmrwkhpt	CENTRO					http://www.fhuce.edu.uy/	La rampa de acceso se encuentra por la calle Uruguay, dentro de sus instalaciones cuenta con un ascensor y baños accesibles.La Facultad de Humanidades y Ciencias de la Educación (FHCE) ofrece un total de nueve licenciaturas, con sedes en Montevideo e interior, o junto con otras instituciones.Comparte con la Universidad de Entre Ríos la Licenciatura Binacional en Turismo, con sede en la Regional Norte (Salto), y con las facultades de Ciencias, Medicina y Odontología de la Udelar, la Licenciatura en Biología Humana, que se dicta en Montevideo.Las siete licenciaturas que dicta por su sola cuenta se dividen entre el Centro Universitario Regional Este de Maldonado (Licenciatura en Turismo) y Montevideo (Ciencias Históricas, Letras, Lingüística, Antropología, Ciencias de la Educación y Filosofía).		Rebaje de cordón.			Batiente	Sí	Rampa de metal con barandas a los lados.	Sí	Baños accesibles	Baños accesibles en el 3er piso, acceso por ascensor.	Sí.	Sí	Rampa de acceso por calle Uruguay. Ascensor. Baños accesibles.	 Sin señalización	No	Cartelería, folletería y mapas dispuestos a lo largo del recorrido del edificio.	Cartelería, folletería y mapas dispuestos a lo largo del recorrido del edificio.																																																																
37	20/03/2015 - 15:57	Museo Zoológico Dámaso Antonio Larrañaga	Museo	Rambla Armenia (esq. Tomás Basañez)	-34.903333101471	-56.123603579494	http://www.montevideo.gub.uy/aplicacion/como-ir?key=aug730flux	BUCEO		104	2622 0258		http://www.montevideo.gub.uy/ciudad/cultura/museos-y-salas/museo-zoologico-damaso-antonio-larranaga	"El acceso principal es a nivel del suelo. Sus pasillos anchos hacen que la circulación sea más fácil y cómoda; las vitrinas tienen buena visualización.No cuenta con descripción en braile ni audio-guía.El museo reúne numerosas especies de fauna autóctona, en particular aquellas que por alteraciones ambientales están en peligro de extinción, y elementos provenientes de otras regiones del planeta.La función del museo es esencialmente didáctica. Sus actividades y programas se orientan a la difusión de conocimientos relativos a este sector de las Ciencias Naturales."		Rebaje de cordón.			Batiente	No	Rebajes de cordón.	Sí	Baños no accesibles		Sin señalización para personas con discapacidad visual.	No	Acceso a nivel del suelo. Espacios amplios. Baños no accesibles.	 Sin señalización	No	Cartelería descriptiva. Accesibilidad básica.	Cartelería descriptiva. Accesibilidad básica.																																																																																																
3	18/03/2015 - 16:17	Museo de HIstoria del Arte (MUHAR)	Museo	Ejido 1326	-34.906566871366	-56.186660755165	http://www.montevideo.gub.uy/aplicacion/como-ir?key=hs2ts74dkd	CENTRO		"Toda la línea 100; todos los ómnibus con recorrido por Av. 18 de Julio y Ejido."	1950 2191	difusion@imm.gub.uy	http://muhar.montevideo.gub.uy/	El museo cuenta con un ascensor que posibilita el acceso a todos los niveles, el mismo tiene sus botones en braile. Sus pasillos son amplios, facilitando la circulación a las personas con discapacidad motriz. No cuenta con señalización para personas con discapacidad visual.Reúne una importante colección de originales y calcos ejemplificantes de buena parte de la producción estética del hombre a lo largo de su historia y diferentes culturas.	Cuenta con silla de rueda propia y un carrito andador con asiento, por nivel. Personal capacitado para la asistencia a personas con diferentes discapacidades.	Veredas accesibles, rampas y señalización.	Sí	Se puede estacionar en el lugar reservado de la explanada de la IM.	Corrediza, Batiente	No		No	Baños no accesibles		Espacios amplios. Sin señalización para personas con discapacidad visual.	Sí	Ascensor con acceso a todos los niveles. Pasillos amplios que facilitan la circulación.	 Sin señalización	No	Cartelería informativa y descriptiva de las obras.	Cartelería informativa y descriptiva de las obras. Personal capacitado.	8	"Las salas se encuentran distribuidas en 4 niveles, Planta Baja, Nivel 1, Nivel -1 y Nivel -2.""36"	18/03/2015 - 16:04	Museo de la Memoria (MUME) 	Museo	Av. de las Instrucciones 1057 (esq. Bv J. Batlle y Ordoñez.) 	-34.841663751800,-56.198834177943	http://www.montevideo.gub.uy/aplicacion/como-ir?key=sfzwp6w2bl	PEÑAROL LAVALLEJA		149, 148, 151, 526, 582, 2, 145, 150, 195, L29, 522	2355 58 91	museodelamemoria@imm.gub.uy	http://mume.montevideo.gub.uy/	"El museo cuenta con una entrada con accesibilidad física por la parte trasera del mismo; espacios amplios de fácil movilización para las personas que se trasladan en silla de ruedas, y un baño accesible pero con dificultoso acceso.Existen en la muestra diferentes materiales audiovisuales.El Museo de la Memoria promueve en forma participativa la paz, los derechos humanos y la memoria de las luchas populares por la libertad, la democracia y la justicia social. Se conciben estos conceptos como construcciones socio-históricas dinámicas y en permanente desarrollo."	Cuentan con silla de ruedas propia.	Dificultoso. Sin señalización para personas con discapacidad visual.			Batiente	No		Sí	Baños accesibles	El baño accesible se encuentra en un lugar que existe un escalón para su acceso.	Sí, espacios amplios. Sin señalización para personas con discapacidad visual.	No	Acceso por puerta trasera. Recorrido por las diferentes salas. Baño accesible con un escalón.	 Sin señalización	No	Cada muestra cuenta con la información de manera escrita, carteles, describiendo y explicando de que se trata. Los audiovisuales no cuentan con subtítulos.	Cada muestra cuenta con la información de manera escrita, describiendo y explicando de que se trata.	7	"7 salas distribuidas en el edificio central del acceso principal, los cuales son de muestra permanente. Otra sala en el sótano, otra en la casa antigua. Más la muestra de fotos en el camino al aire libre.""68"	11/03/2015 - 10:31	Facultad de Ciencias UdelaR	Centros educativos	Iguá 4225	-34.881532106598,-56.118367907496	http://www.montevideo.gub.uy/aplicacion/como-ir?key=d716ef4qdw	MALVIN NORTE		111, 113, 427, 407, 370, 21	2525-8618 al 23		http://www.fcien.edu.uy/	La facultad cuenta con ascensores con botonera para personas no videntes, señalitica y un baño accesible por planta. Haciendo que se pueda contar en la institución con accesibilidad universal.En esta casa de estudios se dan diversos procesos de enseñanza, extensión e investigación en variadas áreas de la ciencia. 		Veredas sin señalización y de circulación dificultosa. Entrada a Facultad y vereda de la misma, accesible.			Corrediza, Batiente	Sí	Rebaje de escalones.	Sí	Baños accesibles	Baños accesibles por planta. Se accede por los ascensores.	Si	Sí	Acceso a todo el edificio por ascensor. Baños accesibles, uno por planta.	Rótulo de formatos accesibles, Baldosas guías	Sí	Cartelería e información. Mapas, etc.	Cartelería e información. Mapas, etc.																																
